{
  "experiment_1_data_quality": {
    "min_raters_1": {
      "sample_count": 1244,
      "metrics": {
        "mae": 0.7743293666108432,
        "rmse": 0.9648827016523268,
        "r2": 0.2665815495650379,
        "exact_accuracy": 0.3413654618473896,
        "within_1_star": 0.6827309236947792
      }
    },
    "min_raters_2": {
      "sample_count": 926,
      "metrics": {
        "mae": 0.8158490036753074,
        "rmse": 0.9975114118079472,
        "r2": 0.1597465207510267,
        "exact_accuracy": 0.3172043010752688,
        "within_1_star": 0.6774193548387096
      }
    },
    "min_raters_3": {
      "sample_count": 270,
      "metrics": {
        "mae": 0.6655100494953783,
        "rmse": 0.8389138150209303,
        "r2": 0.28810616583596327,
        "exact_accuracy": 0.3888888888888889,
        "within_1_star": 0.7777777777777778
      }
    }
  },
  "experiment_2_xgboost": {
    "random_forest": {
      "mae": 0.7743293666108433,
      "rmse": 0.9648827016523268,
      "r2": 0.2665815495650379,
      "exact_accuracy": 0.3413654618473896,
      "within_1_star": 0.6827309236947792
    },
    "xgboost": {
      "mae": 0.8129135872626462,
      "rmse": 0.9881024049503945,
      "r2": 0.23085768882958413,
      "exact_accuracy": 0.3293172690763052,
      "within_1_star": 0.678714859437751
    },
    "winner": "random_forest"
  },
  "experiment_3_hyperparameters": {
    "baseline": {
      "mae": 0.7743293666108433,
      "rmse": 0.9648827016523268,
      "r2": 0.2665815495650379,
      "exact_accuracy": 0.3413654618473896,
      "within_1_star": 0.6827309236947792
    },
    "more_trees": {
      "mae": 0.7732387332767366,
      "rmse": 0.9608641947502299,
      "r2": 0.27267785496806185,
      "exact_accuracy": 0.3493975903614458,
      "within_1_star": 0.6907630522088354
    },
    "deeper": {
      "mae": 0.7745662818103002,
      "rmse": 0.9635949922196536,
      "r2": 0.2685378488091398,
      "exact_accuracy": 0.3534136546184739,
      "within_1_star": 0.6947791164658634
    },
    "flexible": {
      "mae": 0.7699565734363414,
      "rmse": 0.9586509663040951,
      "r2": 0.27602458422586595,
      "exact_accuracy": 0.3493975903614458,
      "within_1_star": 0.6867469879518072
    },
    "best": "flexible"
  }
}